carrier,bad_tail_num,good_tail_num,owner_name,first_seen,last_seen
WN,N102,N102SW,SOUTHWEST AIRLINES CO,0000-00-00,0000-00-00
WN,N300,N300SW,SOUTHWEST AIRLINES CO,0000-00-00,0000-00-00
WN,N301,N301SW,SOUTHWEST AIRLINES CO,0000-00-00,0000-00-00
WN,N302,N302SW,SOUTHWEST AIRLINES CO,0000-00-00,0000-00-00
WN,N303,N303SW,SOUTHWEST AIRLINES CO,0000-00-00,0000-00-00
WN,N304,N304SW,SOUTHWEST AIRLINES CO,0000-00-00,0000-00-00
WN,N305,N305SW,SOUTHWEST AIRLINES CO,0000-00-00,0000-00-00
WN,N308,N308SA,SOUTHWEST AIRLINES CO,0000-00-00,0000-00-00
WN,N310,N310SW,SOUTHWEST AIRLINES CO,0000-00-00,0000-00-00
WN,N312,N312SW,SOUTHWEST AIRLINES CO,0000-00-00,0000-00-00
WN,N313,N313SW,SOUTHWEST AIRLINES CO,0000-00-00,0000-00-00
WN,N326,N326SW,SOUTHWEST AIRLINES CO,0000-00-00,0000-00-00
WN,N327,N327SW,SOUTHWEST AIRLINES CO,0000-00-00,0000-00-00
WN,N328,N328SW,SOUTHWEST AIRLINES CO,0000-00-00,0000-00-00
WN,N329,N329SW,SOUTHWEST AIRLINES CO,0000-00-00,0000-00-00
WN,N330,N330SW,SOUTHWEST AIRLINES CO,0000-00-00,0000-00-00
WN,N334,N334SW,SOUTHWEST AIRLINES CO,0000-00-00,0000-00-00
WN,N335,N335SW,SOUTHWEST AIRLINES CO,0000-00-00,0000-00-00
WN,N336,N336SW,SOUTHWEST AIRLINES CO,0000-00-00,0000-00-00
WN,N339,N339SW,SOUTHWEST AIRLINES CO,0000-00-00,0000-00-00
WN,N340,N340LV,SOUTHWEST AIRLINES INC,0000-00-00,0000-00-00
WN,N341,N341SW,SOUTHWEST AIRLINES CO,0000-00-00,0000-00-00
WN,N342,N342SW,SOUTHWEST AIRLINES CO,0000-00-00,0000-00-00
WN,N343,N343SW,SOUTHWEST AIRLINES CO,0000-00-00,0000-00-00
WN,N344,N344SW,SOUTHWEST AIRLINES CO,0000-00-00,0000-00-00
WN,N345,N345SA,SOUTHWEST AIRLINES CO,0000-00-00,0000-00-00
WN,N346,N346SW,SOUTHWEST AIRLINES CO,0000-00-00,0000-00-00
WN,N347,N347SW,SOUTHWEST AIRLINES CO,0000-00-00,0000-00-00
WN,N348,N348SW,SOUTHWEST AIRLINES CO,0000-00-00,0000-00-00
WN,N349,N349SW,SOUTHWEST AIRLINES CO,0000-00-00,0000-00-00
WN,N350,N350SW,SOUTHWEST AIRLINES CO,0000-00-00,0000-00-00
WN,N351,N351SW,SOUTHWEST AIRLINES CO,0000-00-00,0000-00-00
WN,N352,N352SW,SOUTHWEST AIRLINES CO,0000-00-00,0000-00-00
WN,N353,N353SW,SOUTHWEST AIRLINES CO,0000-00-00,0000-00-00
WN,N354,N354SW,SOUTHWEST AIRLINES CO,0000-00-00,0000-00-00
WN,N355,N355SW,SOUTHWEST AIRLINES CO,0000-00-00,0000-00-00
WN,N356,N356SW,SOUTHWEST AIRLINES CO,0000-00-00,0000-00-00
WN,N357,N357SW,SOUTHWEST AIRLINES CO,0000-00-00,0000-00-00
WN,N358,N358SW,SOUTHWEST AIRLINES CO,0000-00-00,0000-00-00
WN,N366,N366SW,SOUTHWEST AIRLINES CO,0000-00-00,0000-00-00
WN,N367,N367SW,SOUTHWEST AIRLINES CO,0000-00-00,0000-00-00
WN,N368,N368SW,SOUTHWEST AIRLINES CO,0000-00-00,0000-00-00
WN,N369,N369SW,SOUTHWEST AIRLINES CO,0000-00-00,0000-00-00
WN,N370,N370SW,SOUTHWEST AIRLINES CO,0000-00-00,0000-00-00
WN,N371,N371SW,SOUTHWEST AIRLINES CO,0000-00-00,0000-00-00
WN,N372,N372SW,SOUTHWEST AIRLINES CO,0000-00-00,0000-00-00
WN,N373,N373SW,SOUTHWEST AIRLINES CO,0000-00-00,0000-00-00
WN,N374,N374SW,SOUTHWEST AIRLINES CO,0000-00-00,0000-00-00
WN,N375,N375SW,SOUTHWEST AIRLINES COMPANY,0000-00-00,0000-00-00
WN,N376,N376SW,SOUTHWEST AIRLINES CO,0000-00-00,0000-00-00
WN,N378,N378SW,SOUTHWEST AIRLINES CO,0000-00-00,0000-00-00
WN,N379,N379SW,SOUTHWEST AIRLINES CO,0000-00-00,0000-00-00
WN,N391,N391SW,SOUTHWEST AIRLINES COMPANY,0000-00-00,0000-00-00
WN,N392,N392SW,SOUTHWEST AIRLINES CO,0000-00-00,0000-00-00
WN,N394,N394SW,SOUTHWEST AIRLINES CO,0000-00-00,0000-00-00
WN,N395,N395SW,SOUTHWEST AIRLINES CO,0000-00-00,0000-00-00
WN,N400,N400WN,SOUTHWEST AIRLINES CO,0000-00-00,0000-00-00
WN,N401,N401WN,SOUTHWEST AIRLINES CO,0000-00-00,0000-00-00
WN,N402,N402WN,SOUTHWEST AIRLINES CO,0000-00-00,0000-00-00
WN,N403,N403WN,SOUTHWEST AIRLINES CO,0000-00-00,0000-00-00
WN,N404,N404WN,SOUTHWEST AIRLINES CO,0000-00-00,0000-00-00
WN,N405,N405WN,SOUTHWEST AIRLINES CO,0000-00-00,0000-00-00
WN,N406,N406WN,SOUTHWEST AIRLINES CO,0000-00-00,0000-00-00
WN,N407,N407WN,SOUTHWEST AIRLINES CO,0000-00-00,0000-00-00
WN,N408,N408WN,SOUTHWEST AIRLINES CO,0000-00-00,0000-00-00
WN,N409,N409WN,SOUTHWEST AIRLINES CO,0000-00-00,0000-00-00
WN,N410,N410WN,SOUTHWEST AIRLINES CO,0000-00-00,0000-00-00
WN,N411,N411WN,SOUTHWEST AIRLINES CO,0000-00-00,0000-00-00
WN,N412,N412WN,SOUTHWEST AIRLINES CO,0000-00-00,0000-00-00
WN,N413,N413WN,SOUTHWEST AIRLINES CO,0000-00-00,0000-00-00
WN,N414,N414WN,SOUTHWEST AIRLINES CO,0000-00-00,0000-00-00
WN,N415,N415WN,SOUTHWEST AIRLINES CO,0000-00-00,0000-00-00
WN,N416,N416WN,SOUTHWEST AIRLINES CO,0000-00-00,0000-00-00
WN,N417,N417WN,SOUTHWEST AIRLINES CO,0000-00-00,0000-00-00
WN,N418,N418WN,SOUTHWEST AIRLINES CO,0000-00-00,0000-00-00
WN,N419,N419WN,SOUTHWEST AIRLINES CO,0000-00-00,0000-00-00
WN,N420,N420WN,SOUTHWEST AIRLINES CO,0000-00-00,0000-00-00
WN,N421,N421LV,SOUTHWEST AIRLINES CO,0000-00-00,0000-00-00
WN,N422,N422WN,SOUTHWEST AIRLINES CO,0000-00-00,0000-00-00
WN,N423,N423WN,SOUTHWEST AIRLINES CO,0000-00-00,0000-00-00
WN,N424,N424WN,SOUTHWEST AIRLINES CO,0000-00-00,0000-00-00
WN,N425,N425LV,SOUTHWEST AIRLINES CO,0000-00-00,0000-00-00
WN,N426,N426WN,SOUTHWEST AIRLINES CO,0000-00-00,0000-00-00
WN,N427,N427WN,SOUTHWEST AIRLINES CO,0000-00-00,0000-00-00
WN,N428,N428WN,SOUTHWEST AIRLINES CO,0000-00-00,0000-00-00
WN,N429,N429WN,SOUTHWEST AIRLINES CO,0000-00-00,0000-00-00
WN,N430,N430WN,SOUTHWEST AIRLINES CO,0000-00-00,0000-00-00
WN,N431,N431WN,SOUTHWEST AIRLINES CO,0000-00-00,0000-00-00
WN,N432,N432WN,SOUTHWEST AIRLINES CO,0000-00-00,0000-00-00
WN,N433,N433LV,SOUTHWEST AIRLINES CO,0000-00-00,0000-00-00
WN,N434,N434WN,SOUTHWEST AIRLINES CO,0000-00-00,0000-00-00
WN,N435,N435WN,SOUTHWEST AIRLINES CO,0000-00-00,0000-00-00
WN,N436,N436WN,SOUTHWEST AIRLINES CO,0000-00-00,0000-00-00
WN,N437,N437WN,SOUTHWEST AIRLINES CO,0000-00-00,0000-00-00
WN,N438,N438WN,SOUTHWEST AIRLINES CO,0000-00-00,0000-00-00
WN,N439,N439WN,SOUTHWEST AIRLINES CO,0000-00-00,0000-00-00
WN,N440,N440LV,SOUTHWEST AIRLINES CO,0000-00-00,0000-00-00
WN,N441,N441WN,SOUTHWEST AIRLINES CO,0000-00-00,0000-00-00
WN,N442,N442WN,SOUTHWEST AIRLINES CO,0000-00-00,0000-00-00
WN,N443,N443WN,SOUTHWEST AIRLINES CO,0000-00-00,0000-00-00
WN,N444,N444WN,SOUTHWEST AIRLINES CO,0000-00-00,0000-00-00
WN,N445,N445WN,SOUTHWEST AIRLINES CO,0000-00-00,0000-00-00
WN,N446,N446WN,SOUTHWEST AIRLINES CO,0000-00-00,0000-00-00
WN,N447,N447WN,SOUTHWEST AIRLINES CO,0000-00-00,0000-00-00
WN,N448,N448WN,SOUTHWEST AIRLINES CO,0000-00-00,0000-00-00
WN,N449,N449WN,SOUTHWEST AIRLINES CO,0000-00-00,0000-00-00
WN,N450,N450WN,SOUTHWEST AIRLINES CO,0000-00-00,0000-00-00
WN,N451,N451WN,SOUTHWEST AIRLINES CO,0000-00-00,0000-00-00
WN,N452,N452WN,SOUTHWEST AIRLINES CO,0000-00-00,0000-00-00
WN,N453,N453WN,SOUTHWEST AIRLINES CO,0000-00-00,0000-00-00
WN,N454,N454WN,SOUTHWEST AIRLINES CO,0000-00-00,0000-00-00
WN,N455,N455WN,SOUTHWEST AIRLINES CO,0000-00-00,0000-00-00
WN,N456,N456WN,SOUTHWEST AIRLINES CO,0000-00-00,0000-00-00
WN,N457,N457WN,SOUTHWEST AIRLINES CO,0000-00-00,0000-00-00
WN,N458,N458WN,SOUTHWEST AIRLINES CO,0000-00-00,0000-00-00
WN,N459,N459WN,SOUTHWEST AIRLINES CO,0000-00-00,0000-00-00
WN,N460,N460WN,SOUTHWEST AIRLINES CO,0000-00-00,0000-00-00
WN,N461,N461WN,SOUTHWEST AIRLINES CO,0000-00-00,0000-00-00
WN,N462,N462WN,SOUTHWEST AIRLINES CO,0000-00-00,0000-00-00
WN,N463,N463WN,SOUTHWEST AIRLINES CO,0000-00-00,0000-00-00
WN,N464,N464WN,SOUTHWEST AIRLINES CO,0000-00-00,0000-00-00
WN,N465,N465WN,SOUTHWEST AIRLINES CO,0000-00-00,0000-00-00
WN,N467,N467WN,SOUTHWEST AIRLINES CO,0000-00-00,0000-00-00
WN,N468,N468WN,SOUTHWEST AIRLINES CO,0000-00-00,0000-00-00
WN,N469,N469WN,SOUTHWEST AIRLINES CO,0000-00-00,0000-00-00
WN,N470,N470WN,SOUTHWEST AIRLINES CO,0000-00-00,0000-00-00
WN,N471,N471WN,SOUTHWEST AIRLINES CO,0000-00-00,0000-00-00
WN,N472,N472WN,SOUTHWEST AIRLINES CO,0000-00-00,0000-00-00
WN,N473,N473WN,SOUTHWEST AIRLINES CO,0000-00-00,0000-00-00
WN,N474,N474WN,SOUTHWEST AIRLINES CO,0000-00-00,0000-00-00
WN,N475,N475WN,SOUTHWEST AIRLINES CO,0000-00-00,0000-00-00
WN,N476,N476WN,SOUTHWEST AIRLINES CO,0000-00-00,0000-00-00
WN,N477,N477WN,SOUTHWEST AIRLINES CO,0000-00-00,0000-00-00
WN,N478,N478WN,SOUTHWEST AIRLINES CO,0000-00-00,0000-00-00
WN,N479,N479WN,SOUTHWEST AIRLINES CO,0000-00-00,0000-00-00
WN,N480,N480WN,SOUTHWEST AIRLINES CO,0000-00-00,0000-00-00
WN,N481,N481WN,SOUTHWEST AIRLINES CO,0000-00-00,0000-00-00
WN,N482,N482WN,SOUTHWEST AIRLINES CO,0000-00-00,0000-00-00
WN,N483,N483WN,SOUTHWEST AIRLINES CO,0000-00-00,0000-00-00
WN,N484,N484WN,SOUTHWEST AIRLINES CO,0000-00-00,0000-00-00
WN,N485,N485WN,SOUTHWEST AIRLINES CO,0000-00-00,0000-00-00
WN,N486,N486WN,SOUTHWEST AIRLINES CO,0000-00-00,0000-00-00
WN,N487,N487WN,SOUTHWEST AIRLINES CO,0000-00-00,0000-00-00
WN,N488,N488WN,SOUTHWEST AIRLINES CO,0000-00-00,0000-00-00
WN,N489,N489WN,SOUTHWEST AIRLINES CO,0000-00-00,0000-00-00
WN,N490,N490WN,SOUTHWEST AIRLINES CO,0000-00-00,0000-00-00
WN,N491,N491WN,SOUTHWEST AIRLINES CO,0000-00-00,0000-00-00
WN,N492,N492WN,SOUTHWEST AIRLINES CO,0000-00-00,0000-00-00
WN,N493,N493WN,SOUTHWEST AIRLINES CO,0000-00-00,0000-00-00
WN,N494,N494WN,SOUTHWEST AIRLINES CO,0000-00-00,0000-00-00
WN,N501,N501SW,SOUTHWEST AIRLINES CO,0000-00-00,0000-00-00
WN,N503,N503SW,SOUTHWEST AIRLINES CO,0000-00-00,0000-00-00
WN,N504,N504SW,SOUTHWEST AIRLINES CO,0000-00-00,0000-00-00
WN,N505,N505SW,SOUTHWEST AIRLINES CO,0000-00-00,0000-00-00
WN,N512,N512SW,SOUTHWEST AIRLINES CO,0000-00-00,0000-00-00
WN,N513,N513SW,SOUTHWEST AIRLINES CO,0000-00-00,0000-00-00
WN,N519,N519SW,SOUTHWEST AIRLINES CO,0000-00-00,0000-00-00
WN,N520,N520SW,SOUTHWEST AIRLINES CO,0000-00-00,0000-00-00
WN,N521,N521SW,SOUTHWEST AIRLINES CO,0000-00-00,0000-00-00
WN,N522,N522SW,SOUTHWEST AIRLINES CO,0000-00-00,0000-00-00
WN,N523,N523SW,SOUTHWEST AIRLINES CO,0000-00-00,0000-00-00
WN,N524,N524SW,SOUTHWEST AIRLINES CO,0000-00-00,0000-00-00
WN,N525,N525SW,SOUTHWEST AIRLINES CO,0000-00-00,0000-00-00
WN,N526,N526SW,SOUTHWEST AIRLINES CO,0000-00-00,0000-00-00
WN,N527,N527SW,SOUTHWEST AIRLINES CO,0000-00-00,0000-00-00
WN,N528,N528SW,SOUTHWEST AIRLINES CO,0000-00-00,0000-00-00
WN,N606,N606SW,SOUTHWEST AIRLINES CO,0000-00-00,0000-00-00
WN,N607,N607SW,SOUTHWEST AIRLINES CO,0000-00-00,0000-00-00
WN,N608,N608SW,SOUTHWEST AIRLINES CO,0000-00-00,0000-00-00
WN,N609,N609SW,SOUTHWEST AIRLINES CO,0000-00-00,0000-00-00
WN,N610,N610WN,SOUTHWEST AIRLINES CO,0000-00-00,0000-00-00
WN,N611,N611SW,SOUTHWEST AIRLINES CO,0000-00-00,0000-00-00
WN,N612,N612SW,SOUTHWEST AIRLINES CO,0000-00-00,0000-00-00
WN,N613,N613SW,SOUTHWEST AIRLINES CO,0000-00-00,0000-00-00
WN,N614,N614SW,SOUTHWEST AIRLINES CO,0000-00-00,0000-00-00
WN,N615,N615SW,SOUTHWEST AIRLINES CO,0000-00-00,0000-00-00
WN,N616,N616SW,SOUTHWEST AIRLINES CO,0000-00-00,0000-00-00
WN,N617,N617SW,SOUTHWEST AIRLINES CO,0000-00-00,0000-00-00
WN,N618,N618WN,SOUTHWEST AIRLINES CO,0000-00-00,0000-00-00
WN,N619,N619SW,SOUTHWEST AIRLINES CO,0000-00-00,0000-00-00
WN,N624,N624SW,SOUTHWEST AIRLINES CO,0000-00-00,0000-00-00
WN,N629,N629SW,SOUTHWEST AIRLINES CO,0000-00-00,0000-00-00
WN,N630,N630WN,SOUTHWEST AIRLINES CO,0000-00-00,0000-00-00
WN,N631,N631SW,SOUTHWEST AIRLINES CO,0000-00-00,0000-00-00
WN,N632,N632SW,SOUTHWEST AIRLINES CO,0000-00-00,0000-00-00
WN,N633,N633SW,SOUTHWEST AIRLINES CO,0000-00-00,0000-00-00
WN,N634,N634SW,SOUTHWEST AIRLINES CO,0000-00-00,0000-00-00
WN,N637,N637SW,SOUTHWEST AIRLINES CO,0000-00-00,0000-00-00
WN,N638,N638SW,SOUTHWEST AIRLINES CO,0000-00-00,0000-00-00
WN,N639,N639SW,SOUTHWEST AIRLINES CO,0000-00-00,0000-00-00
WN,N640,N640SW,SOUTHWEST AIRLINES CO,0000-00-00,0000-00-00
WN,N641,N641SW,SOUTHWEST AIRLINES CO,0000-00-00,0000-00-00
WN,N642,N642WN,SOUTHWEST AIRLINES CO,0000-00-00,0000-00-00
WN,N643,N643SW,SOUTHWEST AIRLINES CO,0000-00-00,0000-00-00
WN,N644,N644SW,SOUTHWEST AIRLINES CO,0000-00-00,0000-00-00
WN,N645,N645SW,SOUTHWEST AIRLINES CO,0000-00-00,0000-00-00
WN,N646,N646SW,SOUTHWEST AIRLINES CO,0000-00-00,0000-00-00
WN,N647,N647SW,SOUTHWEST AIRLINES CO,0000-00-00,0000-00-00
WN,N648,N648SW,SOUTHWEST AIRLINES CO,0000-00-00,0000-00-00
WN,N649,N649SW,SOUTHWEST AIRLINES CO,0000-00-00,0000-00-00
WN,N650,N650SW,SOUTHWEST AIRLINES CO,0000-00-00,0000-00-00
WN,N651,N651SW,SOUTHWEST AIRLINES CO,0000-00-00,0000-00-00
WN,N652,N652SW,SOUTHWEST AIRLINES CO,0000-00-00,0000-00-00
WN,N653,N653SW,SOUTHWEST AIRLINES CO,0000-00-00,0000-00-00
WN,N654,N654SW,SOUTHWEST AIRLINES CO,0000-00-00,0000-00-00
WN,N655,N655WN,SOUTHWEST AIRLINES CO,0000-00-00,0000-00-00
WN,N656,N656SW,SOUTHWEST AIRLINES CO,0000-00-00,0000-00-00
WN,N657,N657SW,SOUTHWEST AIRLINES CO,0000-00-00,0000-00-00
WN,N658,N658SW,SOUTHWEST AIRLINES CO,0000-00-00,0000-00-00
WN,N659,N659SW,SOUTHWEST AIRLINES CO,0000-00-00,0000-00-00
WN,N676,N676SW,SOUTHWEST AIRLINES CO,0000-00-00,0000-00-00
WN,N679,N679AA,SOUTHWEST AIRLINES CO,0000-00-00,0000-00-00
WN,N682,N682SW,SOUTHWEST AIRLINES CO,0000-00-00,0000-00-00
WN,N686,N686SW,SOUTHWEST AIRLINES COMPANY,0000-00-00,0000-00-00
WN,N689,N689SW,SOUTHWEST AIRLINES CO,0000-00-00,0000-00-00
WN,N692,N692SW,SOUTHWEST AIRLINES CO,0000-00-00,0000-00-00
WN,N694,N694SW,SOUTHWEST AIRLINES CO,0000-00-00,0000-00-00
WN,N697,N697SW,SOUTHWEST AIRLINES CO,0000-00-00,0000-00-00
WN,N700,N700GS,SOUTHWEST AIRLINES CO,0000-00-00,0000-00-00
WN,N701,N701GS,SOUTHWEST AIRLINES CO,0000-00-00,0000-00-00
WN,N703,N703SW,SOUTHWEST AIRLINES CO,0000-00-00,0000-00-00
WN,N704,N704SW,SOUTHWEST AIRLINES CO,0000-00-00,0000-00-00
WN,N705,N705SW,SOUTHWEST AIRLINES CO,0000-00-00,0000-00-00
WN,N706,N706SW,SOUTHWEST AIRLINES CO,0000-00-00,0000-00-00
WN,N707,N707SA,SOUTHWEST AIRLINES CO,0000-00-00,0000-00-00
WN,N708,N708SW,SOUTHWEST AIRLINES CO,0000-00-00,0000-00-00
WN,N709,N709SW,SOUTHWEST AIRLINES CO,0000-00-00,0000-00-00
WN,N710,N710SW,SOUTHWEST AIRLINES CO,0000-00-00,0000-00-00
WN,N711,N711HK,SOUTHWEST AIRLINES CO,0000-00-00,0000-00-00
WN,N712,N712SW,SOUTHWEST AIRLINES CO,0000-00-00,0000-00-00
WN,N713,N713SW,SOUTHWEST AIRLINES CO,0000-00-00,0000-00-00
WN,N714,N714CB,SOUTHWEST AIRLINES CO,0000-00-00,0000-00-00
WN,N715,N715SW,SOUTHWEST AIRLINES CO,0000-00-00,0000-00-00
WN,N716,N716SW,SOUTHWEST AIRLINES CO,0000-00-00,0000-00-00
WN,N717,N717SA,SOUTHWEST AIRLINES CO,0000-00-00,0000-00-00
WN,N718,N718SW,SOUTHWEST AIRLINES CO,0000-00-00,0000-00-00
WN,N719,N719SW,SOUTHWEST AIRLINES CO,0000-00-00,0000-00-00
WN,N720,N720WN,SOUTHWEST AIRLINES CO,0000-00-00,0000-00-00
WN,N723,N723SW,SOUTHWEST AIRLINES CO,0000-00-00,0000-00-00
WN,N724,N724SW,SOUTHWEST AIRLINES CO,0000-00-00,0000-00-00
WN,N725,N725SW,SOUTHWEST AIRLINES CO,0000-00-00,0000-00-00
WN,N726,N726SW,SOUTHWEST AIRLINES CO,0000-00-00,0000-00-00
WN,N727,N727SW,SOUTHWEST AIRLINES CO,0000-00-00,0000-00-00
WN,N728,N728SW,SOUTHWEST AIRLINES CO,0000-00-00,0000-00-00
WN,N729,N729SW,SOUTHWEST AIRLINES CO,0000-00-00,0000-00-00
WN,N730,N730SW,SOUTHWEST AIRLINES CO,0000-00-00,0000-00-00
WN,N731,N731SA,SOUTHWEST AIRLINES CO,0000-00-00,0000-00-00
WN,N732,N732SW,SOUTHWEST AIRLINES CO,0000-00-00,0000-00-00
WN,N733,N733SA,SOUTHWEST AIRLINES CO,0000-00-00,0000-00-00
WN,N734,N734SA,SOUTHWEST AIRLINES CO,0000-00-00,0000-00-00
WN,N735,N735SA,SOUTHWEST AIRLINES CO,0000-00-00,0000-00-00
WN,N736,N736SA,SOUTHWEST AIRLINES CO,0000-00-00,0000-00-00
WN,N737,N737JW,SOUTHWEST AIRLINES CO,0000-00-00,0000-00-00
WN,N738,N738CB,SOUTHWEST AIRLINES CO,0000-00-00,0000-00-00
WN,N739,N739GB,SOUTHWEST AIRLINES CO,0000-00-00,0000-00-00
WN,N740,N740SW,SOUTHWEST AIRLINES INC,0000-00-00,0000-00-00
WN,N741,N741SA,SOUTHWEST AIRLINES CO,0000-00-00,0000-00-00
WN,N742,N742SW,SOUTHWEST AIRLINES CO,0000-00-00,0000-00-00
WN,N743,N743SW,SOUTHWEST AIRLINES CO,0000-00-00,0000-00-00
WN,N744,N744SW,SOUTHWEST AIRLINES CO,0000-00-00,0000-00-00
WN,N745,N745SW,SOUTHWEST AIRLINES CO,0000-00-00,0000-00-00
WN,N746,N746SW,SOUTHWEST AIRLINES CO,0000-00-00,0000-00-00
WN,N747,N747SA,SOUTHWEST AIRLINES CO,0000-00-00,0000-00-00
WN,N748,N748SW,SOUTHWEST AIRLINES CO,0000-00-00,0000-00-00
WN,N749,N749SW,SOUTHWEST AIRLINES CO,0000-00-00,0000-00-00
WN,N750,N750SA,SOUTHWEST AIRLINES CO,0000-00-00,0000-00-00
WN,N751,N751SW,SOUTHWEST AIRLINES CO,0000-00-00,0000-00-00
WN,N752,N752SW,SOUTHWEST AIRLINES CO,0000-00-00,0000-00-00
WN,N753,N753SW,SOUTHWEST AIRLINES CO,0000-00-00,0000-00-00
WN,N754,N754SW,SOUTHWEST AIRLINES CO,0000-00-00,0000-00-00
WN,N755,N755SA,SOUTHWEST AIRLINES CO,0000-00-00,0000-00-00
WN,N756,N756SA,SOUTHWEST AIRLINES CO,0000-00-00,0000-00-00
WN,N757,N757LV,SOUTHWEST AIRLINES CO,0000-00-00,0000-00-00
WN,N758,N758SW,SOUTHWEST AIRLINES CO,0000-00-00,0000-00-00
WN,N759,N759GS,SOUTHWEST AIRLINES CO,0000-00-00,0000-00-00
WN,N760,N760SW,SOUTHWEST AIRLINES CO,0000-00-00,0000-00-00
WN,N761,N761RR,SOUTHWEST AIRLINES CO,0000-00-00,0000-00-00
WN,N762,N762SW,SOUTHWEST AIRLINES CO,0000-00-00,0000-00-00
WN,N763,N763SW,SOUTHWEST AIRLINES CO,0000-00-00,0000-00-00
WN,N764,N764SW,SOUTHWEST AIRLINES CO,0000-00-00,0000-00-00
WN,N765,N765SW,SOUTHWEST AIRLINES CO,0000-00-00,0000-00-00
WN,N766,N766SW,SOUTHWEST AIRLINES CO,0000-00-00,0000-00-00
WN,N767,N767SW,SOUTHWEST AIRLINES CO,0000-00-00,0000-00-00
WN,N768,N768SW,SOUTHWEST AIRLINES CO,0000-00-00,0000-00-00
WN,N769,N769SW,SOUTHWEST AIRLINES CO,0000-00-00,0000-00-00
WN,N770,N770SA,SOUTHWEST AIRLINES CO,0000-00-00,0000-00-00
WN,N771,N771SA,SOUTHWEST AIRLINES CO,0000-00-00,0000-00-00
WN,N772,N772SW,SOUTHWEST AIRLINES CO,0000-00-00,0000-00-00
WN,N773,N773SA,SOUTHWEST AIRLINES CO,0000-00-00,0000-00-00
WN,N774,N774SW,SOUTHWEST AIRLINES CO,0000-00-00,0000-00-00
WN,N775,N775SW,SOUTHWEST AIRLINES CO,0000-00-00,0000-00-00
WN,N776,N776WN,SOUTHWEST AIRLINES CO,0000-00-00,0000-00-00
WN,N777,N777QC,SOUTHWEST AIRLINES CO,0000-00-00,0000-00-00
WN,N778,N778SW,SOUTHWEST AIRLINES CO,0000-00-00,0000-00-00
WN,N779,N779SW,SOUTHWEST AIRLINES CO,0000-00-00,0000-00-00
WN,N780,N780SW,SOUTHWEST AIRLINES INC,0000-00-00,0000-00-00
WN,N781,N781WN,SOUTHWEST AIRLINES CO,0000-00-00,0000-00-00
WN,N782,N782SA,SOUTHWEST AIRLINES CO,0000-00-00,0000-00-00
WN,N783,N783SW,SOUTHWEST AIRLINES CO,0000-00-00,0000-00-00
WN,N784,N784SW,SOUTHWEST AIRLINES CO,0000-00-00,0000-00-00
WN,N785,N785SW,SOUTHWEST AIRLINES CO,0000-00-00,0000-00-00
WN,N786,N786SW,SOUTHWEST AIRLINES CO,0000-00-00,0000-00-00
WN,N787,N787SA,SOUTHWEST AIRLINES CO,0000-00-00,0000-00-00
WN,N788,N788SA,SOUTHWEST AIRLINES CO,0000-00-00,0000-00-00
WN,N789,N789SW,SOUTHWEST AIRLINES CO,0000-00-00,0000-00-00
WN,N790,N790SW,SOUTHWEST AIRLINES CO,0000-00-00,0000-00-00
WN,N791,N791SW,SOUTHWEST AIRLINES CO,0000-00-00,0000-00-00
WN,N792,N792SW,SOUTHWEST AIRLINES CO,0000-00-00,0000-00-00
WN,N793,N793SA,SOUTHWEST AIRLINES CO,0000-00-00,0000-00-00
WN,N794,N794SW,SOUTHWEST AIRLINES CO,0000-00-00,0000-00-00
WN,N795,N795SW,SOUTHWEST AIRLINES CO,0000-00-00,0000-00-00
WN,N796,N796SW,SOUTHWEST AIRLINES CO,0000-00-00,0000-00-00
WN,N797,N797MX,SOUTHWEST AIRLINES CO,0000-00-00,0000-00-00
WN,N798,N798SW,SOUTHWEST AIRLINES CO,0000-00-00,0000-00-00
MQ,N241MQ,N241AE,AMERICAN EAGLE AIRLINES INC,0000-00-00,0000-00-00
MQ,N243MQ,N243AE,AMERICAN EAGLE AIRLINES INC,0000-00-00,0000-00-00
MQ,N244MQ,N244AE,AMERICAN EAGLE AIRLINES INC,0000-00-00,0000-00-00
MQ,N247MQ,N247AE,AMERICAN EAGLE AIRLINES INC,0000-00-00,0000-00-00
MQ,N254MQ,N254AE,AMERICAN EAGLE AIRLINES INC,0000-00-00,0000-00-00
MQ,N256MQ,N256AE,AMERICAN EAGLE AIRLINES INC,0000-00-00,0000-00-00
MQ,N261MQ,N261AE,AMERICAN EAGLE AIRLINES INC,0000-00-00,0000-00-00
MQ,N263MQ,N263AE,AMERICAN EAGLE AIRLINES INC,0000-00-00,0000-00-00
MQ,N264MQ,N264AE,AMERICAN EAGLE AIRLINES INC,0000-00-00,0000-00-00
MQ,N266MQ,N266AE,AMERICAN EAGLE AIRLINES INC,0000-00-00,0000-00-00
MQ,N268MQ,N268AE,AMERICAN EAGLE AIRLINES INC,0000-00-00,0000-00-00
MQ,N272MQ,N272AE,AMERICAN EAGLE AIRLINES INC,0000-00-00,0000-00-00
MQ,N273MQ,N273AE,AMERICAN EAGLE AIRLINES INC,0000-00-00,0000-00-00
MQ,N278MQ,N278AE,AMERICAN EAGLE AIRLINES INC,0000-00-00,0000-00-00
MQ,N280MQ,N280AE,AMERICAN EAGLE AIRLINES INC,0000-00-00,0000-00-00
MQ,N284MQ,N284AE,AMERICAN EAGLE AIRLINES INC,0000-00-00,0000-00-00
MQ,N305MQ,N305AE,AMERICAN EAGLE AIRLINES INC,0000-00-00,0000-00-00
MQ,N306MQ,N306AE,AMERICAN EAGLE AIRLINES INC,0000-00-00,0000-00-00
MQ,N307MQ,N307AE,AMERICAN EAGLE AIRLINES INC,0000-00-00,0000-00-00
MQ,N309MQ,N309AE,AMERICAN EAGLE AIRLINES INC,0000-00-00,0000-00-00
MQ,N312MQ,N312AE,AMERICAN EAGLE AIRLINES INC,0000-00-00,0000-00-00
MQ,N313MQ,N313AE,AMERICAN EAGLE AIRLINES INC,0000-00-00,0000-00-00
MQ,N320MQ,N320AE,AMERICAN EAGLE AIRLINES INC,0000-00-00,0000-00-00
MQ,N324MQ,N324AE,AMERICAN EAGLE AIRLINES INC,0000-00-00,0000-00-00
MQ,N326MQ,N326AE,AMERICAN EAGLE AIRLINES INC,0000-00-00,0000-00-00
MQ,N329MQ,N329AE,AMERICAN EAGLE AIRLINES INC,0000-00-00,0000-00-00
MQ,N330MQ,N330AE,AMERICAN EAGLE AIRLINES INC,0000-00-00,0000-00-00
MQ,N332MQ,N332AE,AMERICAN EAGLE AIRLINES INC,0000-00-00,0000-00-00
MQ,N500MQ,N500AE,AMERICAN EAGLE AIRLINES INC,0000-00-00,0000-00-00
MQ,N501MQ,N501BG,AMERICAN EAGLE AIRLINES INC,0000-00-00,0000-00-00
MQ,N502MQ,N502AE,AMERICAN EAGLE AIRLINES INC,0000-00-00,0000-00-00
MQ,N503MQ,N503AE,AMERICAN EAGLE AIRLINES INC,0000-00-00,0000-00-00
MQ,N504MQ,N504AE,AMERICAN EAGLE AIRLINES INC,0000-00-00,0000-00-00
MQ,N505MQ,N505AE,AMERICAN EAGLE AIRLINES INC,0000-00-00,0000-00-00
MQ,N506MQ,N506AE,AMERICAN EAGLE AIRLINES INC,0000-00-00,0000-00-00
MQ,N507MQ,N507AE,AMERICAN EAGLE AIRLINES INC,0000-00-00,0000-00-00
MQ,N508MQ,N508AE,AMERICAN EAGLE AIRLINES INC,0000-00-00,0000-00-00
MQ,N509MQ,N509AE,AMERICAN EAGLE AIRLINES INC,0000-00-00,0000-00-00
MQ,N510MQ,N510AE,AMERICAN EAGLE AIRLINES INC,0000-00-00,0000-00-00
MQ,N511MQ,N511AE,AMERICAN EAGLE AIRLINES INC,0000-00-00,0000-00-00
MQ,N512MQ,N512AE,AMERICAN EAGLE AIRLINES INC,0000-00-00,0000-00-00
MQ,N513MQ,N513AE,AMERICAN EAGLE AIRLINES INC,0000-00-00,0000-00-00
MQ,N514MQ,N514AE,AMERICAN EAGLE AIRLINES INC,0000-00-00,0000-00-00
MQ,N515MQ,N515AE,AMERICAN EAGLE AIRLINES INC,0000-00-00,0000-00-00
MQ,N516MQ,N516AE,AMERICAN EAGLE AIRLINES INC,0000-00-00,0000-00-00
MQ,N517MQ,N517AE,AMERICAN EAGLE AIRLINES INC,0000-00-00,0000-00-00
MQ,N518MQ,N518AE,AMERICAN EAGLE AIRLINES INC,0000-00-00,0000-00-00
MQ,N610MQ,N610AE,AMERICAN EAGLE AIRLINES INC,0000-00-00,0000-00-00
MQ,N611MQ,N611AE,AMERICAN EAGLE AIRLINES INC,0000-00-00,0000-00-00
MQ,N612MQ,N612AE,AMERICAN EAGLE AIRLINES INC,0000-00-00,0000-00-00
MQ,N613MQ,N613AE,AMERICAN EAGLE AIRLINES INC,0000-00-00,0000-00-00
MQ,N614MQ,N614AE,AMERICAN EAGLE AIRLINES INC,0000-00-00,0000-00-00
MQ,N615MQ,N615AE,AMERICAN EAGLE AIRLINES INC,0000-00-00,0000-00-00
MQ,N616MQ,N616AE,AMERICAN EAGLE AIRLINES INC,0000-00-00,0000-00-00
MQ,N617MQ,N617AE,AMERICAN EAGLE AIRLINES INC,0000-00-00,0000-00-00
MQ,N618MQ,N618AE,AMERICAN EAGLE AIRLINES INC,0000-00-00,0000-00-00
MQ,N619MQ,N619AE,AMERICAN EAGLE AIRLINES INC,0000-00-00,0000-00-00
MQ,N620MQ,N620AE,AMERICAN EAGLE AIRLINES INC,0000-00-00,0000-00-00
MQ,N621MQ,N621AE,AMERICAN EAGLE AIRLINES INC,0000-00-00,0000-00-00
MQ,N622MQ,N622AE,AMERICAN EAGLE AIRLINES INC,0000-00-00,0000-00-00
MQ,N623MQ,N623AE,AMERICAN EAGLE AIRLINES INC,0000-00-00,0000-00-00
MQ,N624MQ,N624AE,AMERICAN EAGLE AIRLINES INC,0000-00-00,0000-00-00
MQ,N625MQ,N625AE,AMERICAN EAGLE AIRLINES INC,0000-00-00,0000-00-00
MQ,N626MQ,N626AE,AMERICAN EAGLE AIRLINES INC,0000-00-00,0000-00-00
MQ,N627MQ,N627AE,AMERICAN EAGLE AIRLINES INC,0000-00-00,0000-00-00
MQ,N628MQ,N628AE,AMERICAN EAGLE AIRLINES INC,0000-00-00,0000-00-00
MQ,N629MQ,N629AE,AMERICAN EAGLE AIRLINES INC,0000-00-00,0000-00-00
MQ,N630MQ,N630AE,AMERICAN EAGLE AIRLINES INC,0000-00-00,0000-00-00
MQ,N631MQ,N631AE,AMERICAN EAGLE AIRLINES INC,0000-00-00,0000-00-00
MQ,N632MQ,N632AE,AMERICAN EAGLE AIRLINES INC,0000-00-00,0000-00-00
MQ,N633MQ,N633AE,AMERICAN EAGLE AIRLINES INC,0000-00-00,0000-00-00
MQ,N634MQ,N634AE,AMERICAN EAGLE AIRLINES INC,0000-00-00,0000-00-00
MQ,N635MQ,N635AE,AMERICAN EAGLE AIRLINES INC,0000-00-00,0000-00-00
MQ,N636MQ,N636AE,AMERICAN EAGLE AIRLINES INC,0000-00-00,0000-00-00
MQ,N637MQ,N637AE,AMERICAN EAGLE AIRLINES INC,0000-00-00,0000-00-00
MQ,N638MQ,N638AE,AMERICAN EAGLE AIRLINES INC,0000-00-00,0000-00-00
MQ,N639MQ,N639AE,AMERICAN EAGLE AIRLINES INC,0000-00-00,0000-00-00
MQ,N640MQ,N640AE,AMERICAN EAGLE AIRLINES INC,0000-00-00,0000-00-00
MQ,N641MQ,N641AE,AMERICAN EAGLE AIRLINES INC,0000-00-00,0000-00-00
MQ,N642MQ,N642AE,AMERICAN EAGLE AIRLINES INC,0000-00-00,0000-00-00
MQ,N643MQ,N643AE,AMERICAN EAGLE AIRLINES INC,0000-00-00,0000-00-00
MQ,N644MQ,N644AE,AMERICAN EAGLE AIRLINES INC,0000-00-00,0000-00-00
MQ,N645MQ,N645AE,AMERICAN EAGLE AIRLINES INC,0000-00-00,0000-00-00
MQ,N646MQ,N646AE,AMERICAN EAGLE AIRLINES INC,0000-00-00,0000-00-00
MQ,N647MQ,N647AE,AMERICAN EAGLE AIRLINES INC,0000-00-00,0000-00-00
MQ,N648MQ,N648AE,AMERICAN EAGLE AIRLINES INC,0000-00-00,0000-00-00
MQ,N649MQ,N649PP,AMERICAN EAGLE AIRLINES INC,0000-00-00,0000-00-00
MQ,N650MQ,N650AE,AMERICAN EAGLE AIRLINES INC,0000-00-00,0000-00-00
MQ,N651MQ,N651AE,AMERICAN EAGLE AIRLINES INC,0000-00-00,0000-00-00
MQ,N652MQ,N652RS,AMERICAN EAGLE AIRLINES INC,0000-00-00,0000-00-00
MQ,N653MQ,N653AE,AMERICAN EAGLE AIRLINES INC,0000-00-00,0000-00-00
MQ,N654MQ,N654AE,AMERICAN EAGLE AIRLINES INC,0000-00-00,0000-00-00
MQ,N655MQ,N655AE,AMERICAN EAGLE AIRLINES INC,0000-00-00,0000-00-00
MQ,N656MQ,N656AE,AMERICAN EAGLE AIRLINES INC,0000-00-00,0000-00-00
MQ,N657MQ,N657AE,AMERICAN EAGLE AIRLINES INC,0000-00-00,0000-00-00
MQ,N658MQ,N658AE,AMERICAN EAGLE AIRLINES INC,0000-00-00,0000-00-00
MQ,N659MQ,N659AE,AMERICAN EAGLE AIRLINES INC,0000-00-00,0000-00-00
MQ,N660MQ,N660CL,AMERICAN EAGLE AIRLINES INC,0000-00-00,0000-00-00
MQ,N661MQ,N661JA,AMERICAN EAGLE AIRLINES INC,0000-00-00,0000-00-00
MQ,N700MQ,N700LE,AMERICAN EAGLE AIRLINES INC,0000-00-00,0000-00-00
MQ,N701MQ,N701MH,AMERICAN EAGLE AIRLINES INC,0000-00-00,0000-00-00
MQ,N702MQ,N702AE,AMERICAN EAGLE AIRLINES INC,0000-00-00,0000-00-00
MQ,N703MQ,N703MR,AMERICAN EAGLE AIRLINES INC,0000-00-00,0000-00-00
MQ,N704MQ,N704PG,AMERICAN EAGLE AIRLINES INC,0000-00-00,0000-00-00
MQ,N705MQ,N705AE,AMERICAN EAGLE AIRLINES INC,0000-00-00,0000-00-00
MQ,N706MQ,N706RG,AMERICAN EAGLE AIRLINES INC,0000-00-00,0000-00-00
MQ,N707MQ,N707EB,AMERICAN EAGLE AIRLINES INC,0000-00-00,0000-00-00
MQ,N708MQ,N708AE,AMERICAN EAGLE AIRLINES INC,0000-00-00,0000-00-00
MQ,N709MQ,N709GB,AMERICAN EAGLE AIRLINES INC,0000-00-00,0000-00-00
MQ,N710MQ,N710TB,AMERICAN EAGLE AIRLINES INC,0000-00-00,0000-00-00
MQ,N711MQ,N711PH,AMERICAN EAGLE AIRLINES INC,0000-00-00,0000-00-00
MQ,N712MQ,N712AE,AMERICAN EAGLE AIRLINES INC,0000-00-00,0000-00-00
MQ,N713MQ,N713AE,AMERICAN EAGLE AIRLINES INC,0000-00-00,0000-00-00
MQ,N715MQ,N715AE,AMERICAN EAGLE AIRLINES INC,0000-00-00,0000-00-00
MQ,N716MQ,N716AE,AMERICAN EAGLE AIRLINES INC,0000-00-00,0000-00-00
MQ,N717MQ,N717AE,AMERICAN EAGLE AIRLINES INC,0000-00-00,0000-00-00
MQ,N718MQ,N718AE,AMERICAN EAGLE AIRLINES INC,0000-00-00,0000-00-00
MQ,N719MQ,N719AE,AMERICAN EAGLE AIRLINES INC,0000-00-00,0000-00-00
MQ,N720MQ,N720AE,AMERICAN EAGLE AIRLINES INC,0000-00-00,0000-00-00
MQ,N721MQ,N721HS,AMERICAN EAGLE AIRLINES INC,0000-00-00,0000-00-00
MQ,N722MQ,N722AE,AMERICAN EAGLE AIRLINES INC,0000-00-00,0000-00-00
MQ,N723MQ,N723AE,AMERICAN EAGLE AIRLINES INC,0000-00-00,0000-00-00
MQ,N724MQ,N724AE,AMERICAN EAGLE AIRLINES INC,0000-00-00,0000-00-00
MQ,N725MQ,N725AE,AMERICAN EAGLE AIRLINES INC,0000-00-00,0000-00-00
MQ,N726MQ,N726AE,AMERICAN EAGLE AIRLINES INC,0000-00-00,0000-00-00
MQ,N727MQ,N727AE,AMERICAN EAGLE AIRLINES INC,0000-00-00,0000-00-00
MQ,N728MQ,N728AE,AMERICAN EAGLE AIRLINES INC,0000-00-00,0000-00-00
MQ,N729MQ,N729AE,AMERICAN EAGLE AIRLINES INC,0000-00-00,0000-00-00
MQ,N730MQ,N730KW,AMERICAN EAGLE AIRLINES INC,0000-00-00,0000-00-00
MQ,N731MQ,N731BE,AMERICAN EAGLE AIRLINES INC,0000-00-00,0000-00-00
MQ,N732MQ,N732DH,AMERICAN EAGLE AIRLINES INC,0000-00-00,0000-00-00
MQ,N733MQ,N733KR,AMERICAN EAGLE AIRLINES INC,0000-00-00,0000-00-00
MQ,N734MQ,N734EK,AMERICAN EAGLE AIRLINES INC,0000-00-00,0000-00-00
MQ,N735MQ,N735TS,AMERICAN EAGLE AIRLINES INC,0000-00-00,0000-00-00
MQ,N736MQ,N736DT,AMERICAN EAGLE AIRLINES INC,0000-00-00,0000-00-00
MQ,N737MQ,N737MW,AMERICAN EAGLE AIRLINES INC,0000-00-00,0000-00-00
MQ,N738MQ,N738NR,AMERICAN EAGLE AIRLINES INC,0000-00-00,0000-00-00
MQ,N739MQ,N739AE,AMERICAN EAGLE AIRLINES INC,0000-00-00,0000-00-00
MQ,N800MQ,N800AE,AMERICAN EAGLE AIRLINES INC,0000-00-00,0000-00-00
MQ,N801MQ,N801AE,AMERICAN EAGLE AIRLINES INC,0000-00-00,0000-00-00
MQ,N802MQ,N802AE,AMERICAN EAGLE AIRLINES INC,0000-00-00,0000-00-00
MQ,N803MQ,N803AE,AMERICAN EAGLE AIRLINES INC,0000-00-00,0000-00-00
MQ,N804MQ,N804AE,AMERICAN EAGLE AIRLINES INC,0000-00-00,0000-00-00
MQ,N805MQ,N805AE,AMERICAN EAGLE AIRLINES INC,0000-00-00,0000-00-00
MQ,N806MQ,N806AE,AMERICAN EAGLE AIRLINES INC,0000-00-00,0000-00-00
MQ,N807MQ,N807AE,AMERICAN EAGLE AIRLINES INC,0000-00-00,0000-00-00
MQ,N808MQ,N808AE,AMERICAN EAGLE AIRLINES INC,0000-00-00,0000-00-00
MQ,N809MQ,N809AE,AMERICAN EAGLE AIRLINES INC,0000-00-00,0000-00-00
MQ,N810MQ,N810AE,AMERICAN EAGLE AIRLINES INC,0000-00-00,0000-00-00
MQ,N811MQ,N811AE,AMERICAN EAGLE AIRLINES INC,0000-00-00,0000-00-00
MQ,N812MQ,N812AE,AMERICAN EAGLE AIRLINES INC,0000-00-00,0000-00-00
MQ,N813MQ,N813AE,AMERICAN EAGLE AIRLINES INC,0000-00-00,0000-00-00
MQ,N813MQ,N813HK,AMERICAN EAGLE AIRLINES INC,0000-00-00,0000-00-00
MQ,N814MQ,N814AE,AMERICAN EAGLE AIRLINES INC,0000-00-00,0000-00-00
MQ,N814MQ,N814HK,AMERICAN EAGLE AIRLINES INC,0000-00-00,0000-00-00
MQ,N815MQ,N815AE,AMERICAN EAGLE AIRLINES INC,0000-00-00,0000-00-00
MQ,N815MQ,N815HK,AMERICAN EAGLE AIRLINES INC,0000-00-00,0000-00-00
MQ,N816MQ,N816AE,AMERICAN EAGLE AIRLINES INC,0000-00-00,0000-00-00
MQ,N816MQ,N816HK,AMERICAN EAGLE AIRLINES INC,0000-00-00,0000-00-00
MQ,N817MQ,N817AE,AMERICAN EAGLE AIRLINES INC,0000-00-00,0000-00-00
MQ,N817MQ,N817HK,AMERICAN EAGLE AIRLINES INC,0000-00-00,0000-00-00
MQ,N818MQ,N818AE,AMERICAN EAGLE AIRLINES INC,0000-00-00,0000-00-00
MQ,N818MQ,N818HK,AMERICAN EAGLE AIRLINES INC,0000-00-00,0000-00-00
MQ,N819MQ,N819AE,AMERICAN EAGLE AIRLINES INC,0000-00-00,0000-00-00
MQ,N819MQ,N819HK,AMERICAN EAGLE AIRLINES INC,0000-00-00,0000-00-00
MQ,N820MQ,N820AE,AMERICAN EAGLE AIRLINES INC,0000-00-00,0000-00-00
MQ,N820MQ,N820HK,AMERICAN EAGLE AIRLINES INC,0000-00-00,0000-00-00
MQ,N821MQ,N821AE,AMERICAN EAGLE AIRLINES INC,0000-00-00,0000-00-00
MQ,N821MQ,N821HK,AMERICAN EAGLE AIRLINES INC,0000-00-00,0000-00-00
MQ,N822MQ,N822AE,AMERICAN EAGLE AIRLINES INC,0000-00-00,0000-00-00
MQ,N822MQ,N822HK,AMERICAN EAGLE AIRLINES INC,0000-00-00,0000-00-00
MQ,N823MQ,N823AE,AMERICAN EAGLE AIRLINES INC,0000-00-00,0000-00-00
MQ,N824MQ,N824AE,AMERICAN EAGLE AIRLINES INC,0000-00-00,0000-00-00
MQ,N825MQ,N825AE,AMERICAN EAGLE AIRLINES INC,0000-00-00,0000-00-00
MQ,N826MQ,N826AE,AMERICAN EAGLE AIRLINES INC,0000-00-00,0000-00-00
MQ,N827MQ,N827AE,AMERICAN EAGLE AIRLINES INC,0000-00-00,0000-00-00
MQ,N828MQ,N828AE,AMERICAN EAGLE AIRLINES INC,0000-00-00,0000-00-00
MQ,N829MQ,N829AE,AMERICAN EAGLE AIRLINES INC,0000-00-00,0000-00-00
MQ,N830MQ,N830AE,AMERICAN EAGLE AIRLINES INC,0000-00-00,0000-00-00
MQ,N831MQ,N831AE,AMERICAN EAGLE AIRLINES INC,0000-00-00,0000-00-00
MQ,N832MQ,N832AE,AMERICAN EAGLE AIRLINES INC,0000-00-00,0000-00-00
MQ,N833MQ,N833AE,AMERICAN EAGLE AIRLINES INC,0000-00-00,0000-00-00
MQ,N834MQ,N834AE,AMERICAN EAGLE AIRLINES INC,0000-00-00,0000-00-00
MQ,N835MQ,N835AE,AMERICAN EAGLE AIRLINES INC,0000-00-00,0000-00-00
MQ,N836MQ,N836AE,AMERICAN EAGLE AIRLINES INC,0000-00-00,0000-00-00
MQ,N837MQ,N837AE,AMERICAN EAGLE AIRLINES INC,0000-00-00,0000-00-00
MQ,N838MQ,N838AE,AMERICAN EAGLE AIRLINES INC,0000-00-00,0000-00-00
MQ,N839MQ,N839AE,AMERICAN EAGLE AIRLINES INC,0000-00-00,0000-00-00
MQ,N840MQ,N840AE,AMERICAN EAGLE AIRLINES INC,0000-00-00,0000-00-00
MQ,N841MQ,N841AE,AMERICAN EAGLE AIRLINES INC,0000-00-00,0000-00-00
MQ,N842MQ,N842AE,AMERICAN EAGLE AIRLINES INC,0000-00-00,0000-00-00
MQ,N843MQ,N843AE,AMERICAN EAGLE AIRLINES INC,0000-00-00,0000-00-00
MQ,N844MQ,N844AE,AMERICAN EAGLE AIRLINES INC,0000-00-00,0000-00-00
MQ,N845MQ,N845AE,AMERICAN EAGLE AIRLINES INC,0000-00-00,0000-00-00
MQ,N846MQ,N846AE,AMERICAN EAGLE AIRLINES INC,0000-00-00,0000-00-00
MQ,N847MQ,N847AE,AMERICAN EAGLE AIRLINES INC,0000-00-00,0000-00-00
MQ,N848MQ,N848AE,AMERICAN EAGLE AIRLINES INC,0000-00-00,0000-00-00
MQ,N849MQ,N849AE,AMERICAN EAGLE AIRLINES INC,0000-00-00,0000-00-00
MQ,N850MQ,N850AE,AMERICAN EAGLE AIRLINES INC,0000-00-00,0000-00-00
MQ,N851MQ,N851AE,AMERICAN EAGLE AIRLINES INC,0000-00-00,0000-00-00
MQ,N852MQ,N852AE,AMERICAN EAGLE AIRLINES INC,0000-00-00,0000-00-00
MQ,N853MQ,N853AE,AMERICAN EAGLE AIRLINES INC,0000-00-00,0000-00-00
MQ,N854MQ,N854AE,AMERICAN EAGLE AIRLINES INC,0000-00-00,0000-00-00
MQ,N855MQ,N855AE,AMERICAN EAGLE AIRLINES INC,0000-00-00,0000-00-00
MQ,N856MQ,N856AE,AMERICAN EAGLE AIRLINES INC,0000-00-00,0000-00-00
MQ,N857MQ,N857AE,AMERICAN EAGLE AIRLINES INC,0000-00-00,0000-00-00
MQ,N858MQ,N858AE,AMERICAN EAGLE AIRLINES INC,0000-00-00,0000-00-00
MQ,N902MQ,N902AE,AMERICAN EAGLE AIRLINES INC,0000-00-00,0000-00-00
MQ,N903MQ,N903AE,AMERICAN EAGLE AIRLINES INC,0000-00-00,0000-00-00
MQ,N904MQ,N904AE,AMERICAN EAGLE AIRLINES INC,0000-00-00,0000-00-00
MQ,N905MQ,N905AE,AMERICAN EAGLE AIRLINES INC,0000-00-00,0000-00-00
MQ,N519MQ,N519AE,AMERICAN EAGLE AIRLINES INC,0000-00-00,0000-00-00
MQ,N520MQ,N520DC,AMERICAN EAGLE AIRLINES INC,0000-00-00,0000-00-00
MQ,N521MQ,N521AE,AMERICAN EAGLE AIRLINES INC,0000-00-00,0000-00-00
MQ,N522MQ,N522AE,AMERICAN EAGLE AIRLINES INC,0000-00-00,0000-00-00
MQ,N523MQ,N523AE,AMERICAN EAGLE AIRLINES INC,0000-00-00,0000-00-00
MQ,N662MQ,N662EH,AMERICAN EAGLE AIRLINES INC,0000-00-00,0000-00-00
MQ,N663MQ,N663AR,AMERICAN EAGLE AIRLINES INC,0000-00-00,0000-00-00
MQ,N664MQ,N664MS,AMERICAN EAGLE AIRLINES INC,0000-00-00,0000-00-00
MQ,N665MQ,N665BC,AMERICAN EAGLE AIRLINES INC,0000-00-00,0000-00-00
MQ,N667MQ,N667GB,AMERICAN EAGLE AIRLINES INC,0000-00-00,0000-00-00
MQ,N668MQ,N668HH,AMERICAN EAGLE AIRLINES INC,0000-00-00,0000-00-00
MQ,N669MQ,N669MB,AMERICAN EAGLE AIRLINES INC,0000-00-00,0000-00-00
MQ,N670MQ,N670AE,AMERICAN EAGLE AIRLINES INC,0000-00-00,0000-00-00
MQ,N671MQ,N671AE,AMERICAN EAGLE AIRLINES INC,0000-00-00,0000-00-00
MQ,N672MQ,N672AE,AMERICAN EAGLE AIRLINES INC,0000-00-00,0000-00-00
MQ,N673MQ,N673AE,AMERICAN EAGLE AIRLINES INC,0000-00-00,0000-00-00
MQ,N674MQ,N674RJ,AMERICAN EAGLE AIRLINES INC,0000-00-00,0000-00-00
MQ,N675MQ,N675AE,AMERICAN EAGLE AIRLINES INC,0000-00-00,0000-00-00
MQ,N676MQ,N676AE,AMERICAN EAGLE AIRLINES INC,0000-00-00,0000-00-00
MQ,N677MQ,N677AE,AMERICAN EAGLES AIRLINES INC,0000-00-00,0000-00-00
MQ,N678MQ,N678AE,AMERICAN EAGLE AIRLINES INC,0000-00-00,0000-00-00
MQ,N679MQ,N679AE,AMERICAN EAGLE AIRLINES INC,0000-00-00,0000-00-00
WN,N103,N103SW,SALE REPORTED,0000-00-00,0000-00-00
WN,N104,N104SW,NC AEROSPACE,0000-00-00,0000-00-00
WN,N105,N105SW,JET MIDWEST INC,0000-00-00,0000-00-00
WN,N306,N306SW,SOUTHWEST AIRLINE CO,0000-00-00,0000-00-00
WN,N307,N307SW,US BANK NA TRUSTEE,0000-00-00,0000-00-00
WN,N309,N309SW,US BANK NA TRUSTEE,0000-00-00,0000-00-00
WN,N311,N311SW,SOUTHWEST AIRINES CO,0000-00-00,0000-00-00
WN,N314,N314SW,WILMINGTON TRUST COMPANY TRUST,0000-00-00,0000-00-00
WN,N315,N315SW,WILMINGTON TRUST CO,0000-00-00,0000-00-00
WN,N316,N316SW,WILMINGTON TRUST COMPANY TRUST,0000-00-00,0000-00-00
WN,N318,N318SW,U S BANK NA TRUSTEE,0000-00-00,0000-00-00
WN,N319,N319SW,U S BANK NA TRUSTEE,0000-00-00,0000-00-00
WN,N320,N320SW,U S BANK NA TRUSTEE,0000-00-00,0000-00-00
WN,N321,N321SW,U S BANK NA TRUSTEE,0000-00-00,0000-00-00
WN,N322,N322SW,WILMINGTON TRUST COMPANY TRUST,0000-00-00,0000-00-00
WN,N323,N323SW,WILMINGTON TRUST CO OWNER TRUS,0000-00-00,0000-00-00
WN,N324,N324SW,U S BANK NA TRUSTEE,0000-00-00,0000-00-00
WN,N325,N325SW,U S BANK NA TRUSTEE,0000-00-00,0000-00-00
WN,N331,N331SW,WILMINGTON TRUST COMPANY,0000-00-00,0000-00-00
WN,N332,N332SW,WELLS FARGO BANK NORTHWEST NA,0000-00-00,0000-00-00
WN,N333,N333SW,WELLS FARGO BANK NA TRUSTEE,0000-00-00,0000-00-00
WN,N337,N337SW,WELLS FARGO BANK NA TRUSTEE,0000-00-00,0000-00-00
WN,N338,N338SW,WELLS FARGO BANK NA TRUSTEE,0000-00-00,0000-00-00
WN,N359,N359SW,U S BANK NA TRUSTEE,0000-00-00,0000-00-00
WN,N360,N360SW,U S BANK NA TRUSTEE,0000-00-00,0000-00-00
WN,N361,N361SW,U S BANK NA TRUSTEE,0000-00-00,0000-00-00
WN,N362,N362SW,U S BANK NA TRUSTEE,0000-00-00,0000-00-00
WN,N363,N363SW,U S BANK NA TRUSTEE,0000-00-00,0000-00-00
WN,N364,N364SW,U S BANK NA TRUSTEE,0000-00-00,0000-00-00
WN,N365,N365SW,U S BANK NA TRUSTEE,0000-00-00,0000-00-00
WN,N380,N380SW,U S BANK NA TRUSTEE,0000-00-00,0000-00-00
WN,N382,N382SW,U S BANK NA TRUSTEE,0000-00-00,0000-00-00
WN,N383,N383SW,U S BANK NA TRUSTEE,0000-00-00,0000-00-00
WN,N384,N384SW,U S BANK NA TRUSTEE,0000-00-00,0000-00-00
WN,N385,N385SW,U S BANK NA TRUSTEE,0000-00-00,0000-00-00
WN,N386,N386SW,U S BANK NA TRUSTEE,0000-00-00,0000-00-00
WN,N387,N387SW,U S BANK NA TRUSTEE,0000-00-00,0000-00-00
WN,N388,N388SW,U S BANK NA TRUSTEE,0000-00-00,0000-00-00
WN,N389,N389SW,U S BANK NA TRUSTEE,0000-00-00,0000-00-00
WN,N390,N390SW,U S BANK NA TRUSTEE,0000-00-00,0000-00-00
WN,N396,N396SW,U S BANK NA TRUSTEE,0000-00-00,0000-00-00
WN,N397,N397SW,U S BANK NA TRUSTEE,0000-00-00,0000-00-00
WN,N398,N398SW,U S BANK NA TRUSTEE,0000-00-00,0000-00-00
WN,N399,N399WN,U S BANK NA TRUSTEE,0000-00-00,0000-00-00
WN,N466,N466WN,INTERNATIONAL LEASE FINANCE CO,0000-00-00,0000-00-00
WN,N495,N495WN,BOEING COMPANY,0000-00-00,0000-00-00
WN,N502,N502SW,U S BANK NA TRUSTEE,0000-00-00,0000-00-00
WN,N506,N506SW,U S BANK NA TRUSTEE,0000-00-00,0000-00-00
WN,N507,N507SW,U S BANK NA TRUSTEE,0000-00-00,0000-00-00
WN,N508,N508SW,U S BANK NA TRUSTEE,0000-00-00,0000-00-00
WN,N509,N509SW,U S BANK NA TRUSTEE,0000-00-00,0000-00-00
WN,N510,N510SW,U S BANK NA TRUSTEE,0000-00-00,0000-00-00
WN,N511,N511SW,U S BANK NA TRUSTEE,0000-00-00,0000-00-00
WN,N514,N514SW,US BANK NA CO TRUSTEE,0000-00-00,0000-00-00
WN,N515,N515SW,US BANK NA CO TRUSTEE,0000-00-00,0000-00-00
WN,N600,N600WN,U S BANK NA TRUSTEE,0000-00-00,0000-00-00
WN,N601,N601WN,U S BANK NA TRUSTEE,0000-00-00,0000-00-00
WN,N602,N602SW,U S BANK NA TRUSTEE,0000-00-00,0000-00-00
WN,N603,N603SW,U S BANK NA TRUSTEE,0000-00-00,0000-00-00
WN,N604,N604SW,STATE STREET BANK AND TRUST CO,0000-00-00,0000-00-00
WN,N605,N605SW,U S BANK NA TRUSTEE,0000-00-00,0000-00-00
WN,N620,N620SW,WACHOVIA BANK NA TRUSTEE,0000-00-00,0000-00-00
WN,N621,N621SW,WACHOVIA BANK NA TRUSTEE,0000-00-00,0000-00-00
WN,N622,N622SW,WACHOVIA BANK NA TRUSTEE,0000-00-00,0000-00-00
WN,N623,N623SW,WACHOVIA BANK NA TRUSTEE,0000-00-00,0000-00-00
WN,N625,N625SW,WACHOVIA BANK NA TRUSTEE,0000-00-00,0000-00-00
WN,N626,N626SW,WACHOVIA BANK NA TRUSTEE,0000-00-00,0000-00-00
WN,N627,N627SW,WACHOVIA BANK NA TRUSTEE,0000-00-00,0000-00-00
WN,N628,N628SW,WACHOVIA BANK NA TRUSTEE,0000-00-00,0000-00-00
WN,N635,N635SW,WACHOVIA BANK NA TRUSTEE,0000-00-00,0000-00-00
WN,N636,N636WN,WACHOVIA BANK NA TRUSTEE,0000-00-00,0000-00-00
WN,N660,N660SW,WELLS FARGO BANK NORTHWEST NA,0000-00-00,0000-00-00
WN,N661,N661SW,WILMINGTON TRUST CO TRUSTEE,0000-00-00,0000-00-00
WN,N662,N662SW,MSA V,0000-00-00,0000-00-00
WN,N663,N663SW,MSA V,0000-00-00,0000-00-00
WN,N664,N664WN,BOSTON SAFE DEPOSIT TRUST CO,0000-00-00,0000-00-00
WN,N665,N665WN,BOSTON SAFE DEPOSIT AND TRUST,0000-00-00,0000-00-00
WN,N669,N669SW,ACG ACQUISITION XX LLC,0000-00-00,0000-00-00
WN,N670,N670SW,WILMINGTON TRUST COMPANY TRUST,0000-00-00,0000-00-00
WN,N671,N671SW,GATX THIRD AIRCRAFT CORP,0000-00-00,0000-00-00
WN,N672,N672SW,ACG ACQUISITION XXV LLC,0000-00-00,0000-00-00
WN,N683,N683SW,WELLS FARGO BANK NORTHWEST NA,0000-00-00,0000-00-00
WN,N684,N684WN,WELLS FARGO BANK NORTHWEST NA,0000-00-00,0000-00-00
WN,N685,N685SW,WELLS FARGO BANK NORTHWEST NA,0000-00-00,0000-00-00
WN,N687,N687SW,WELLS FARGO BANK NORTHWEST NA,0000-00-00,0000-00-00
WN,N688,N688SW,SWA I CORPORATION,0000-00-00,0000-00-00
WN,N690,N690SW,GATX THIRD AIRCRAFT CORP,0000-00-00,0000-00-00
WN,N691,N691WN,WILMINGTON TRUST COMPANY TRUST,0000-00-00,0000-00-00
WN,N693,N693SW,WELLS FARGO BANK NORTHWEST NA,0000-00-00,0000-00-00
WN,N695,N695SW,FIRST UNION COMMERCIAL CORP,0000-00-00,0000-00-00
WN,N698,N698SW,WELLS FARGO BANK NORTHWEST NA,0000-00-00,0000-00-00
WN,N699,N699SW,WELLS FARGO BANK NORTHWEST NA,0000-00-00,0000-00-00
WN,N721,N721WN,TRUST N721WN AND N722WN,0000-00-00,0000-00-00
WN,N722,N722WN,TRUST N721WN AND N722WN,0000-00-00,0000-00-00
WN,N799,N799SW,CASTLE 2003-1A LLC,0000-00-00,0000-00-00
WN,N667,N667SW,CAI PORTFOLIO ACQUISITION LLC,0000-00-00,0000-00-00
WN,N696,N696SW,WELLS FARGO BANK NORTHWEST NA,0000-00-00,0000-00-00
WN,N673,N673AA,WELLS FARGO BANK NORTHWEST NA,0000-00-00,0000-00-00
WN,N674,N674AA,WELLS FARGO BANK NORTHWEST NA,0000-00-00,0000-00-00
WN,N675,N675AA,PACIFIC AIRCORP 23253 INC,0000-00-00,0000-00-00
WN,N677,N677AA,WILMINGTON TRUST COMPANY TRUST,0000-00-00,0000-00-00
WN,N678,N678AA,GATX THIRD AIRCRAFT CORP,0000-00-00,0000-00-00
WN,N680,N680AA,WILMINGTON TRUST CO TRUSTEE,0000-00-00,0000-00-00
WN,N730MA,N730SW,SOUTHWEST AIRLINES CO,0000-00-00,0000-00-00
WN,N82,N82SW,SOUTHWEST AIRLINES CO,0000-00-00,0000-00-00
WN,N83,N83SW,SOUTHWEST AIRLINES CO,0000-00-00,0000-00-00
WN,N87,N87SW,SOUTHWEST AIRLINES CO,0000-00-00,0000-00-00
WN,N91,N91SW,SOUTHWEST AIRLINES CO,0000-00-00,0000-00-00
WN,N92,N92SW,SOUTHWEST AIRLINES CO,0000-00-00,0000-00-00
WN,N94,N94SW,SOUTHWEST AIRLINES CO,0000-00-00,0000-00-00
WN,N95,N95SW,SOUTHWEST AIRLINES CO,0000-00-00,0000-00-00
WN,N96,N96SW,SOUTHWEST AIRLINES CO,0000-00-00,0000-00-00
WN,N73,N73SW,SALE REPORTED,0000-00-00,0000-00-00
WN,N86,N86SW,SALE REPORTED,0000-00-00,0000-00-00
WN,N89,N89SW,SALE REPORTED,0000-00-00,0000-00-00
WN,N90,N90SW,SALE REPORTED,0000-00-00,0000-00-00
WN,N93,N93SW,SALE REPORTED,0000-00-00,0000-00-00
WN,N200,N200WN,SOUTHWEST AIRLINES CO,0000-00-00,0000-00-00
WN,N201,N201LV,SOUTHWEST AIRLINES CO,0000-00-00,0000-00-00
WN,N202,N202WN,SOUTHWEST AIRLINES CO,0000-00-00,0000-00-00
WN,N203,N203WN,SOUTHWEST AIRLINES CO,0000-00-00,0000-00-00
WN,N204,N204WN,SOUTHWEST AIRLINES CO,0000-00-00,0000-00-00
WN,N205,N205WN,SOUTHWEST AIRLINES CO,0000-00-00,0000-00-00
WN,N206,N206WN,SOUTHWEST AIRLINES CO,0000-00-00,0000-00-00
WN,N207,N207WN,SOUTHWEST AIRLINES CO,0000-00-00,0000-00-00
WN,N208,N208WN,SOUTHWEST AIRLINES CO,0000-00-00,0000-00-00
WN,N209,N209WN,SOUTHWEST AIRLINES CO,0000-00-00,0000-00-00
WN,N210,N210WN,SOUTHWEST AIRLINES CO,0000-00-00,0000-00-00
WN,N211,N211WN,SOUTHWEST AIRLINES CO,0000-00-00,0000-00-00
WN,N212,N212WN,SOUTHWEST AIRLINES CO,0000-00-00,0000-00-00
WN,N213,N213WN,SOUTHWEST AIRLINES CO,0000-00-00,0000-00-00
WN,N214,N214WN,SOUTHWEST AIRLINES CO,0000-00-00,0000-00-00
WN,N215,N215WN,SOUTHWEST AIRLINES CO,0000-00-00,0000-00-00
WN,N216,N216WR,SOUTHWEST AIRLINES CO,0000-00-00,0000-00-00
WN,N217,N217JC,SOUTHWEST AIRLINES CO,0000-00-00,0000-00-00
WN,N218,N218WN,SOUTHWEST AIRLINES CO,0000-00-00,0000-00-00
WN,N219,N219WN,SOUTHWEST AIRLINES CO,0000-00-00,0000-00-00
WN,N220,N220WN,SOUTHWEST AIRLINES CO,0000-00-00,0000-00-00
WN,N221,N221WN,SOUTHWEST AIRLINES CO,0000-00-00,0000-00-00
WN,N222,N222WN,SOUTHWEST AIRLINES CO,0000-00-00,0000-00-00
WN,N223,N223WN,SOUTHWEST AIRLINES CO,0000-00-00,0000-00-00
WN,N224,N224WN,SOUTHWEST AIRLINES CO,0000-00-00,0000-00-00
WN,N225,N225WN,SOUTHWEST AIRLINES CO,0000-00-00,0000-00-00
WN,N226,N226WN,SOUTHWEST AIRLRINES CO,0000-00-00,0000-00-00
WN,N227,N227WN,SOUTHWEST AIRLINES CO,0000-00-00,0000-00-00
WN,N228,N228WN,SOUTHWEST AIRLINES CO,0000-00-00,0000-00-00
WN,N496,N496WN,SOUTHWEST AIRLINES CO,0000-00-00,0000-00-00
WN,N497,N497WN,SOUTHWEST AIRLINES CO,0000-00-00,0000-00-00
WN,N498,N498WN,SOUTHWEST AIRLINES CO,0000-00-00,0000-00-00
WN,N499,N499WN,SOUTHWEST AIRLINES CO,0000-00-00,0000-00-00
WN,N317SW,N317WN,SOUTHWEST AIRLINES CO,0000-00-00,0000-00-00
WN,N610SW,N610WN,SOUTHWEST AIRLINES CO,0000-00-00,0000-00-00
WN,N734SW,N734SA,SOUTHWEST AIRLINES CO,0000-00-00,0000-00-00
WN,N708SA,N708SW,SOUTHWEST AIRLINES CO,0000-00-00,0000-00-00
WN,N733SW,N733SA,SOUTHWEST AIRLINES CO,0000-00-00,0000-00-00
